{
  "baseName" : "Microsoft LifeCam HD-3000",
  "uniqueName" : "Microsoft_LifeCam_HD-3000",
  "nickname" : "Microsoft_LifeCam_HD-3000",
  "FOV" : 70.0,
  "path" : "/dev/video0",
  "cameraType" : "UsbCamera",
  "currentPipelineIndex" : 1,
  "calibrations" : [ {
    "resolution" : {
      "width" : 1280.0,
      "height" : 720.0
    },
    "cameraIntrinsics" : {
      "rows" : 3,
      "cols" : 3,
      "type" : 6,
      "data" : [ 1153.8417650089425, 0.0, 617.1551617347741, 0.0, 1148.9629248038198, 345.4386553192812, 0.0, 0.0, 1.0 ]
    },
    "cameraExtrinsics" : {
      "rows" : 1,
      "cols" : 5,
      "type" : 6,
      "data" : [ 0.15143276155795252, -1.2566019628470217, 0.0022859260195878307, -0.005864234798213565, 2.3995289150643595 ]
    },
    "perViewErrors" : [ 0.22693330402643153 ],
    "standardDeviation" : 0.0
  }, {
    "resolution" : {
      "width" : 1280.0,
      "height" : 800.0
    },
    "cameraIntrinsics" : {
      "rows" : 3,
      "cols" : 3,
      "type" : 6,
      "data" : [ 1178.6688571657987, 0.0, 672.8869824847139, 0.0, 1180.7311114195147, 346.6118081380541, 0.0, 0.0, 1.0 ]
    },
    "cameraExtrinsics" : {
      "rows" : 1,
      "cols" : 5,
      "type" : 6,
      "data" : [ 0.09492772403697282, -1.1117655820621801, 0.0011552758555714892, -0.0059655152513277115, 1.9792992654873791 ]
    },
    "perViewErrors" : [ 0.4161397218052351, 0.38970631435853004, 0.49944498998703674, 0.3624122949722136, 0.4010989835973165, 0.7702106036352063, 0.5191156752809177, 0.9670456534717694, 0.9233469042915512, 4.12144240576825, 0.937435727256347, 0.6498698186461069 ],
    "standardDeviation" : 0.9916073833844782
  }, {
    "resolution" : {
      "width" : 352.0,
      "height" : 288.0
    },
    "cameraIntrinsics" : {
      "rows" : 3,
      "cols" : 3,
      "type" : 6,
      "data" : [ 382.4606416683014, 0.0, 176.82026861520526, 0.0, 408.5480942759659, 137.22037336811402, 0.0, 0.0, 1.0 ]
    },
    "cameraExtrinsics" : {
      "rows" : 1,
      "cols" : 5,
      "type" : 6,
      "data" : [ 0.3116236745389863, -3.143615908587698, 0.00359622946401316, 0.003351292481679512, 8.901522630078624 ]
    },
    "perViewErrors" : [ 0.2492237281458603, 0.2739017283308773, 0.3049940341288556, 0.26989410741531167, 1.1097874943466435, 0.2012524282815822, 0.3137367001302111, 0.30764477330545525, 0.2527367942498036, 0.20381995717008852, 0.2188906490183046, 0.2100069765415382, 0.22291675751181833, 0.5732793726332572, 0.3958168359824155, 0.21086123608451374, 0.19622555887036872, 0.1914795866628366 ],
    "standardDeviation" : 0.212287074845214
  } ],
  "streamIndex" : 0
}